<?xml version="1.0" encoding="UTF-8"?>
<GenRun Id="impl_1" LaunchPart="xc7a35tcsg324-1" LaunchTime="1545222640">
  <File Type="PWROPT-DRC" Name="Green_Man_drc_pwropted.rpt"/>
  <File Type="OPT-METHODOLOGY-DRC" Name="Green_Man_methodology_drc_opted.rpt"/>
  <File Type="INIT-TIMING" Name="Green_Man_timing_summary_init.rpt"/>
  <File Type="ROUTE-PWR-RPX" Name="Green_Man_power_routed.rpx"/>
  <File Type="PA-TCL" Name="Green_Man.tcl"/>
  <File Type="OPT-HWDEF" Name="Green_Man.hwdef"/>
  <File Type="RDI-RDI" Name="Green_Man.vdi"/>
  <File Type="OPT-DCP" Name="Green_Man_opt.dcp"/>
  <File Type="OPT-DRC" Name="Green_Man_drc_opted.rpt"/>
  <File Type="OPT-TIMING" Name="Green_Man_timing_summary_opted.rpt"/>
  <File Type="PWROPT-DCP" Name="Green_Man_pwropt.dcp"/>
  <File Type="PWROPT-TIMING" Name="Green_Man_timing_summary_pwropted.rpt"/>
  <File Type="PLACE-DCP" Name="Green_Man_placed.dcp"/>
  <File Type="PLACE-IO" Name="Green_Man_io_placed.rpt"/>
  <File Type="PLACE-CLK" Name="Green_Man_clock_utilization_placed.rpt"/>
  <File Type="PLACE-UTIL" Name="Green_Man_utilization_placed.rpt"/>
  <File Type="PLACE-UTIL-PB" Name="Green_Man_utilization_placed.pb"/>
  <File Type="PLACE-CTRL" Name="Green_Man_control_sets_placed.rpt"/>
  <File Type="PLACE-SIMILARITY" Name="Green_Man_incremental_reuse_placed.rpt"/>
  <File Type="PLACE-PRE-SIMILARITY" Name="Green_Man_incremental_reuse_pre_placed.rpt"/>
  <File Type="PLACE-TIMING" Name="Green_Man_timing_summary_placed.rpt"/>
  <File Type="POSTPLACE-PWROPT-DCP" Name="Green_Man_postplace_pwropt.dcp"/>
  <File Type="POSTPLACE-PWROPT-TIMING" Name="Green_Man_timing_summary_postplace_pwropted.rpt"/>
  <File Type="PHYSOPT-DCP" Name="Green_Man_physopt.dcp"/>
  <File Type="PHYSOPT-DRC" Name="Green_Man_drc_physopted.rpt"/>
  <File Type="PHYSOPT-TIMING" Name="Green_Man_timing_summary_physopted.rpt"/>
  <File Type="ROUTE-ERROR-DCP" Name="Green_Man_routed_error.dcp"/>
  <File Type="ROUTE-DCP" Name="Green_Man_routed.dcp"/>
  <File Type="ROUTE-BLACKBOX-DCP" Name="Green_Man_routed_bb.dcp"/>
  <File Type="ROUTE-DRC" Name="Green_Man_drc_routed.rpt"/>
  <File Type="ROUTE-DRC-PB" Name="Green_Man_drc_routed.pb"/>
  <File Type="BG-BIN" Name="Green_Man.bin"/>
  <File Type="ROUTE-DRC-RPX" Name="Green_Man_drc_routed.rpx"/>
  <File Type="BG-DRC" Name="Green_Man.drc"/>
  <File Type="ROUTE-METHODOLOGY-DRC" Name="Green_Man_methodology_drc_routed.rpt"/>
  <File Type="BITSTR-MSK" Name="Green_Man.msk"/>
  <File Type="ROUTE-METHODOLOGY-DRC-RPX" Name="Green_Man_methodology_drc_routed.rpx"/>
  <File Type="BG-BGN" Name="Green_Man.bgn"/>
  <File Type="ROUTE-METHODOLOGY-DRC-PB" Name="Green_Man_methodology_drc_routed.pb"/>
  <File Type="ROUTE-PWR" Name="Green_Man_power_routed.rpt"/>
  <File Type="ROUTE-PWR-SUM" Name="Green_Man_power_summary_routed.pb"/>
  <File Type="ROUTE-STATUS" Name="Green_Man_route_status.rpt"/>
  <File Type="ROUTE-STATUS-PB" Name="Green_Man_route_status.pb"/>
  <File Type="ROUTE-TIMINGSUMMARY" Name="Green_Man_timing_summary_routed.rpt"/>
  <File Type="ROUTE-TIMING-PB" Name="Green_Man_timing_summary_routed.pb"/>
  <File Type="ROUTE-TIMING-RPX" Name="Green_Man_timing_summary_routed.rpx"/>
  <File Type="ROUTE-SIMILARITY" Name="Green_Man_incremental_reuse_routed.rpt"/>
  <File Type="ROUTE-CLK" Name="Green_Man_clock_utilization_routed.rpt"/>
  <File Type="POSTROUTE-PHYSOPT-DCP" Name="Green_Man_postroute_physopt.dcp"/>
  <File Type="POSTROUTE-PHYSOPT-BLACKBOX-DCP" Name="Green_Man_postroute_physopt_bb.dcp"/>
  <File Type="POSTROUTE-PHYSOPT-TIMING" Name="Green_Man_timing_summary_postroute_physopted.rpt"/>
  <File Type="POSTROUTE-PHYSOPT-TIMING-PB" Name="Green_Man_timing_summary_postroute_physopted.pb"/>
  <File Type="POSTROUTE-PHYSOPT-TIMING-RPX" Name="Green_Man_timing_summary_postroute_physopted.rpx"/>
  <File Type="BG-BIT" Name="Green_Man.bit"/>
  <File Type="BITSTR-RBT" Name="Green_Man.rbt"/>
  <File Type="BITSTR-NKY" Name="Green_Man.nky"/>
  <File Type="BITSTR-BMM" Name="Green_Man_bd.bmm"/>
  <File Type="BITSTR-MMI" Name="Green_Man.mmi"/>
  <File Type="BITSTR-SYSDEF" Name="Green_Man.sysdef"/>
  <File Type="WBT-USG" Name="usage_statistics_webtalk.html"/>
  <FileSet Name="sources" Type="DesignSrcs" RelSrcDir="$PSRCDIR/sources_1">
    <Filter Type="Srcs"/>
    <File Path="$PPRDIR/../Green_Man.v">
      <FileInfo>
        <Attr Name="UsedIn" Val="synthesis"/>
        <Attr Name="UsedIn" Val="implementation"/>
        <Attr Name="UsedIn" Val="simulation"/>
      </FileInfo>
    </File>
    <Config>
      <Option Name="DesignMode" Val="RTL"/>
      <Option Name="TopModule" Val="Green_Man"/>
      <Option Name="TopAutoSet" Val="TRUE"/>
    </Config>
  </FileSet>
  <FileSet Name="constrs_in" Type="Constrs" RelSrcDir="$PSRCDIR/constrs_1">
    <Filter Type="Constrs"/>
    <File Path="$PPRDIR/../EGo1.xdc">
      <FileInfo>
        <Attr Name="UsedIn" Val="synthesis"/>
        <Attr Name="UsedIn" Val="implementation"/>
      </FileInfo>
    </File>
    <Config>
      <Option Name="ConstrsType" Val="XDC"/>
    </Config>
  </FileSet>
  <Strategy Version="1" Minor="2">
    <StratHandle Name="Vivado Implementation Defaults" Flow="Vivado Implementation 2017">
      <Desc>Default settings for Implementation.</Desc>
    </StratHandle>
    <Step Id="init_design"/>
    <Step Id="opt_design"/>
    <Step Id="power_opt_design"/>
    <Step Id="place_design"/>
    <Step Id="post_place_power_opt_design"/>
    <Step Id="phys_opt_design"/>
    <Step Id="route_design"/>
    <Step Id="post_route_phys_opt_design"/>
    <Step Id="write_bitstream"/>
  </Strategy>
</GenRun>
