<?xml version="1.0" encoding="UTF-8"?>
<GenRun Id="impl_1" LaunchPart="xc7a35tcsg324-1" LaunchTime="1546433575">
  <File Type="PWROPT-DRC" Name="mainfuction_drc_pwropted.rpt"/>
  <File Type="OPT-METHODOLOGY-DRC" Name="mainfuction_methodology_drc_opted.rpt"/>
  <File Type="INIT-TIMING" Name="mainfuction_timing_summary_init.rpt"/>
  <File Type="ROUTE-PWR-RPX" Name="mainfuction_power_routed.rpx"/>
  <File Type="PA-TCL" Name="mainfuction.tcl"/>
  <File Type="OPT-HWDEF" Name="mainfuction.hwdef"/>
  <File Type="RDI-RDI" Name="mainfuction.vdi"/>
  <File Type="OPT-DCP" Name="mainfuction_opt.dcp"/>
  <File Type="OPT-DRC" Name="mainfuction_drc_opted.rpt"/>
  <File Type="OPT-TIMING" Name="mainfuction_timing_summary_opted.rpt"/>
  <File Type="PWROPT-DCP" Name="mainfuction_pwropt.dcp"/>
  <File Type="PWROPT-TIMING" Name="mainfuction_timing_summary_pwropted.rpt"/>
  <File Type="PLACE-DCP" Name="mainfuction_placed.dcp"/>
  <File Type="PLACE-IO" Name="mainfuction_io_placed.rpt"/>
  <File Type="PLACE-CLK" Name="mainfuction_clock_utilization_placed.rpt"/>
  <File Type="PLACE-UTIL" Name="mainfuction_utilization_placed.rpt"/>
  <File Type="PLACE-UTIL-PB" Name="mainfuction_utilization_placed.pb"/>
  <File Type="PLACE-CTRL" Name="mainfuction_control_sets_placed.rpt"/>
  <File Type="PLACE-SIMILARITY" Name="mainfuction_incremental_reuse_placed.rpt"/>
  <File Type="PLACE-PRE-SIMILARITY" Name="mainfuction_incremental_reuse_pre_placed.rpt"/>
  <File Type="PLACE-TIMING" Name="mainfuction_timing_summary_placed.rpt"/>
  <File Type="POSTPLACE-PWROPT-DCP" Name="mainfuction_postplace_pwropt.dcp"/>
  <File Type="POSTPLACE-PWROPT-TIMING" Name="mainfuction_timing_summary_postplace_pwropted.rpt"/>
  <File Type="PHYSOPT-DCP" Name="mainfuction_physopt.dcp"/>
  <File Type="PHYSOPT-DRC" Name="mainfuction_drc_physopted.rpt"/>
  <File Type="PHYSOPT-TIMING" Name="mainfuction_timing_summary_physopted.rpt"/>
  <File Type="ROUTE-ERROR-DCP" Name="mainfuction_routed_error.dcp"/>
  <File Type="ROUTE-DCP" Name="mainfuction_routed.dcp"/>
  <File Type="ROUTE-BLACKBOX-DCP" Name="mainfuction_routed_bb.dcp"/>
  <File Type="ROUTE-DRC" Name="mainfuction_drc_routed.rpt"/>
  <File Type="ROUTE-DRC-PB" Name="mainfuction_drc_routed.pb"/>
  <File Type="BG-BIN" Name="mainfuction.bin"/>
  <File Type="ROUTE-DRC-RPX" Name="mainfuction_drc_routed.rpx"/>
  <File Type="BG-DRC" Name="mainfuction.drc"/>
  <File Type="ROUTE-METHODOLOGY-DRC" Name="mainfuction_methodology_drc_routed.rpt"/>
  <File Type="BITSTR-MSK" Name="mainfuction.msk"/>
  <File Type="ROUTE-METHODOLOGY-DRC-RPX" Name="mainfuction_methodology_drc_routed.rpx"/>
  <File Type="BG-BGN" Name="mainfuction.bgn"/>
  <File Type="ROUTE-METHODOLOGY-DRC-PB" Name="mainfuction_methodology_drc_routed.pb"/>
  <File Type="ROUTE-PWR" Name="mainfuction_power_routed.rpt"/>
  <File Type="ROUTE-PWR-SUM" Name="mainfuction_power_summary_routed.pb"/>
  <File Type="ROUTE-STATUS" Name="mainfuction_route_status.rpt"/>
  <File Type="ROUTE-STATUS-PB" Name="mainfuction_route_status.pb"/>
  <File Type="ROUTE-TIMINGSUMMARY" Name="mainfuction_timing_summary_routed.rpt"/>
  <File Type="ROUTE-TIMING-PB" Name="mainfuction_timing_summary_routed.pb"/>
  <File Type="ROUTE-TIMING-RPX" Name="mainfuction_timing_summary_routed.rpx"/>
  <File Type="ROUTE-SIMILARITY" Name="mainfuction_incremental_reuse_routed.rpt"/>
  <File Type="ROUTE-CLK" Name="mainfuction_clock_utilization_routed.rpt"/>
  <File Type="POSTROUTE-PHYSOPT-DCP" Name="mainfuction_postroute_physopt.dcp"/>
  <File Type="POSTROUTE-PHYSOPT-BLACKBOX-DCP" Name="mainfuction_postroute_physopt_bb.dcp"/>
  <File Type="POSTROUTE-PHYSOPT-TIMING" Name="mainfuction_timing_summary_postroute_physopted.rpt"/>
  <File Type="POSTROUTE-PHYSOPT-TIMING-PB" Name="mainfuction_timing_summary_postroute_physopted.pb"/>
  <File Type="POSTROUTE-PHYSOPT-TIMING-RPX" Name="mainfuction_timing_summary_postroute_physopted.rpx"/>
  <File Type="BG-BIT" Name="mainfuction.bit"/>
  <File Type="BITSTR-RBT" Name="mainfuction.rbt"/>
  <File Type="BITSTR-NKY" Name="mainfuction.nky"/>
  <File Type="BITSTR-BMM" Name="mainfuction_bd.bmm"/>
  <File Type="BITSTR-MMI" Name="mainfuction.mmi"/>
  <File Type="BITSTR-SYSDEF" Name="mainfuction.sysdef"/>
  <File Type="WBT-USG" Name="usage_statistics_webtalk.html"/>
  <FileSet Name="sources" Type="DesignSrcs" RelSrcDir="$PSRCDIR/sources_1">
    <Filter Type="Srcs"/>
    <File Path="$PPRDIR/../clock/Count_999.v">
      <FileInfo>
        <Attr Name="UsedIn" Val="synthesis"/>
        <Attr Name="UsedIn" Val="implementation"/>
        <Attr Name="UsedIn" Val="simulation"/>
      </FileInfo>
    </File>
    <File Path="$PPRDIR/../8X8/Green_Man.v">
      <FileInfo>
        <Attr Name="UsedIn" Val="synthesis"/>
        <Attr Name="UsedIn" Val="implementation"/>
        <Attr Name="UsedIn" Val="simulation"/>
      </FileInfo>
    </File>
    <File Path="$PPRDIR/../MusicBox.v">
      <FileInfo>
        <Attr Name="UsedIn" Val="synthesis"/>
        <Attr Name="UsedIn" Val="implementation"/>
        <Attr Name="UsedIn" Val="simulation"/>
      </FileInfo>
    </File>
    <File Path="$PPRDIR/../SoundGenerator.v">
      <FileInfo>
        <Attr Name="UsedIn" Val="synthesis"/>
        <Attr Name="UsedIn" Val="implementation"/>
        <Attr Name="UsedIn" Val="simulation"/>
      </FileInfo>
    </File>
    <File Path="$PPRDIR/../Top.v">
      <FileInfo>
        <Attr Name="UsedIn" Val="synthesis"/>
        <Attr Name="UsedIn" Val="implementation"/>
        <Attr Name="UsedIn" Val="simulation"/>
      </FileInfo>
    </File>
    <File Path="$PPRDIR/../clock/Top_clock.v">
      <FileInfo>
        <Attr Name="UsedIn" Val="synthesis"/>
        <Attr Name="UsedIn" Val="implementation"/>
        <Attr Name="UsedIn" Val="simulation"/>
      </FileInfo>
    </File>
    <File Path="$PPRDIR/../clock/div_all_in.v">
      <FileInfo>
        <Attr Name="UsedIn" Val="synthesis"/>
        <Attr Name="UsedIn" Val="implementation"/>
        <Attr Name="UsedIn" Val="simulation"/>
      </FileInfo>
    </File>
    <File Path="$PPRDIR/../clock/hex_seg7.v">
      <FileInfo>
        <Attr Name="UsedIn" Val="synthesis"/>
        <Attr Name="UsedIn" Val="implementation"/>
        <Attr Name="UsedIn" Val="simulation"/>
      </FileInfo>
    </File>
    <File Path="$PSRCDIR/sources_1/new/mainfuction.v">
      <FileInfo>
        <Attr Name="UsedIn" Val="synthesis"/>
        <Attr Name="UsedIn" Val="implementation"/>
        <Attr Name="UsedIn" Val="simulation"/>
      </FileInfo>
    </File>
    <Config>
      <Option Name="DesignMode" Val="RTL"/>
      <Option Name="TopModule" Val="mainfuction"/>
      <Option Name="TopAutoSet" Val="TRUE"/>
    </Config>
  </FileSet>
  <FileSet Name="constrs_in" Type="Constrs" RelSrcDir="$PSRCDIR/constrs_1">
    <Filter Type="Constrs"/>
    <File Path="$PPRDIR/../EGo1.xdc">
      <FileInfo>
        <Attr Name="UsedIn" Val="synthesis"/>
        <Attr Name="UsedIn" Val="implementation"/>
      </FileInfo>
    </File>
    <Config>
      <Option Name="ConstrsType" Val="XDC"/>
    </Config>
  </FileSet>
  <Strategy Version="1" Minor="2">
    <StratHandle Name="Vivado Implementation Defaults" Flow="Vivado Implementation 2017"/>
    <Step Id="init_design"/>
    <Step Id="opt_design"/>
    <Step Id="power_opt_design"/>
    <Step Id="place_design"/>
    <Step Id="post_place_power_opt_design"/>
    <Step Id="phys_opt_design"/>
    <Step Id="route_design"/>
    <Step Id="post_route_phys_opt_design"/>
    <Step Id="write_bitstream"/>
  </Strategy>
</GenRun>
