<?xml version="1.0"?>
<Runs Version="1" Minor="0">
	<Run Id="clk_wiz_0_synth_1" LaunchDir="D:/40525224/lab7/lab7_VGA/lab7_VGA.runs/clk_wiz_0_synth_1" FlowId="Vivado_Synthesis" FromStepId="vivado" ToStepId="vivado"/>
	<Run Id="synth_2" LaunchDir="D:/40525224/lab7/lab7_VGA/lab7_VGA.runs/synth_2" FlowId="Vivado_Synthesis" FromStepId="vivado" ToStepId="vivado">
		<Parent Id="clk_wiz_0_synth_1"/>
	</Run>
	<Run Id="impl_2" LaunchDir="D:/40525224/lab7/lab7_VGA/lab7_VGA.runs/impl_2" FlowId="Vivado_Implementation" FromStepId="init_design" ToStepId="write_bitstream">
		<Parent Id="synth_2"/>
		<Parent Id="clk_wiz_0_synth_1"/>
	</Run>
</Runs>

